{"train/epoch":1.6,"_timestamp":1.7503303052769983e+09,"eval/samples_per_second":21.821,"eval/runtime":45.8276,"train/loss":0.0533,"_runtime":2544.863476415,"eval/steps_per_second":1.375,"eval/loss":0.030900750309228897,"_wandb":{"runtime":2758},"train/global_step":2000,"_step":7,"train/grad_norm":8857.4755859375,"train/learning_rate":4.2004000000000006e-05}