{"train/global_step":12500,"train/learning_rate":4e-09,"eval/steps_per_second":1.367,"eval/loss":0.018439434468746185,"_wandb":{"runtime":15533},"_step":50,"train_samples_per_second":6.442,"train_runtime":15522.4555,"train_steps_per_second":0.805,"train/epoch":10,"train/grad_norm":7018.48193359375,"train_loss":0.0619133194732666,"eval/samples_per_second":21.698,"train/loss":0.0276,"_runtime":15521.572020811,"_timestamp":1.7504221850648174e+09,"eval/runtime":46.0881,"total_flos":7.983442869201715e+16}