{"_step":50,"train/loss":0.006,"_timestamp":1.7507823614104424e+09,"train/global_step":12500,"train_runtime":35242.4503,"train_steps_per_second":0.355,"_wandb":{"runtime":35284},"train/grad_norm":2443.728515625,"eval/samples_per_second":9.733,"eval/steps_per_second":0.613,"train_loss":0.015761425704956054,"train_samples_per_second":2.837,"_runtime":35240.722374448,"eval/loss":0.0054341936483979225,"train/epoch":10,"eval/runtime":102.7416,"train/learning_rate":4e-09,"total_flos":7.983442869201715e+16}