{"train/grad_norm":8002.62890625,"_wandb":{"runtime":15770},"eval/loss":0.01462287362664938,"_step":50,"eval/steps_per_second":1.415,"train_runtime":15757.6243,"_runtime":15756.632427851,"train_samples_per_second":6.346,"total_flos":9.104799696933274e+16,"eval/samples_per_second":22.458,"train_steps_per_second":0.793,"_timestamp":1.7503466040943582e+09,"eval/runtime":44.5284,"train/loss":0.0226,"train/epoch":10,"train_loss":0.0533873388671875,"train/learning_rate":4e-09,"train/global_step":12500}